Accuracy,Precision,Recall,F1_Score
87.46000000000001,0.8854653433441863,0.8746,0.8663704743008619
